cekilis_no,tarih,sayi_1,sayi_2,sayi_3,sayi_4,sayi_5,sayi_6
1,2020-08-03,4,34,39,42,47,61
2,2020-08-05,46,56,59,65,83,84
3,2020-08-08,11,31,33,44,68,78
4,2020-08-10,1,4,17,19,51,63
5,2020-08-12,10,39,67,80,82,87
6,2020-08-15,7,52,74,79,83,85
7,2020-08-17,5,18,25,44,55,82
8,2020-08-19,32,33,34,47,82,89
9,2020-08-22,1,8,18,51,55,70
10,2020-08-24,11,27,38,45,58,88
11,2020-08-26,13,27,38,58,59,67
12,2020-08-29,1,18,19,85,87,89
13,2020-08-31,2,11,15,30,35,53
14,2020-09-02,11,12,21,27,73,88
15,2020-09-05,18,54,61,70,75,85
16,2020-09-07,30,35,57,71,73,77
17,2020-09-09,1,21,29,41,44,72
18,2020-09-12,6,52,54,71,74,90
19,2020-09-14,1,48,54,65,72,82
20,2020-09-16,19,25,35,47,57,85
21,2020-09-19,19,44,45,61,71,87
22,2020-09-21,3,37,53,65,74,75
23,2020-09-23,5,6,14,21,31,90
24,2020-09-26,9,14,41,44,49,80
25,2020-09-28,16,20,23,45,54,58
26,2020-09-30,8,25,28,35,43,59
27,2020-10-03,5,23,24,54,83,87
28,2020-10-05,18,44,46,48,56,79
29,2020-10-07,17,26,37,38,41,85
30,2020-10-10,37,42,43,62,77,87
31,2020-10-12,18,22,50,52,67,73
32,2020-10-14,14,26,28,62,74,84
33,2020-10-17,25,35,36,50,79,82
34,2020-10-19,29,45,52,81,82,86
35,2020-10-21,13,22,37,43,66,87
36,2020-10-24,1,13,15,27,59,75
37,2020-10-26,44,71,74,76,83,87
38,2020-10-28,18,23,44,52,59,72
39,2020-10-31,15,16,19,74,75,81
40,2020-11-02,5,20,22,49,55,73
41,2020-11-04,7,8,39,55,61,72
42,2020-11-07,16,43,64,73,85,88
43,2020-11-09,5,11,32,69,70,77
44,2020-11-11,12,20,38,72,74,87
45,2020-11-14,1,6,14,15,30,72
46,2020-11-16,29,33,39,49,56,89
47,2020-11-18,8,22,50,55,71,87
48,2020-11-21,17,46,61,66,78,83
49,2020-11-23,8,22,42,52,55,71
50,2020-11-25,39,42,46,53,78,87
51,2020-11-28,3,21,31,42,65,80
52,2020-11-30,7,8,22,48,57,87
53,2020-12-02,29,32,36,46,72,77
54,2020-12-05,5,20,22,27,70,76
55,2020-12-07,21,39,57,58,74,81
56,2020-12-09,9,13,27,53,62,90
57,2020-12-12,12,23,28,31,43,60
58,2020-12-14,3,6,32,60,74,76
59,2020-12-16,13,49,62,69,79,89
60,2020-12-19,14,27,63,65,71,77
61,2020-12-21,4,5,56,63,66,75
62,2020-12-23,12,27,42,52,72,89
63,2020-12-26,18,33,38,42,56,79
64,2020-12-28,28,44,46,68,74,82
65,2020-12-30,1,31,45,53,58,72
66,2021-01-02,3,7,9,22,27,70
67,2021-01-04,6,7,41,63,81,83
68,2021-01-06,1,32,60,62,63,74
69,2021-01-09,8,32,33,62,82,83
70,2021-01-11,6,20,32,54,73,88
71,2021-01-13,18,28,41,57,71,88
72,2021-01-16,43,71,73,75,86,88
73,2021-01-18,23,29,43,68,88,90
74,2021-01-20,19,24,39,61,63,73
75,2021-01-23,4,5,18,37,41,60
76,2021-01-25,15,18,61,70,74,90
77,2021-01-27,20,62,64,71,73,78
78,2021-01-30,4,12,21,29,42,90
79,2021-02-01,15,51,55,60,62,90
80,2021-02-03,5,41,45,52,65,89
81,2021-02-06,24,32,33,34,45,61
82,2021-02-08,1,5,13,33,40,52
83,2021-02-10,21,24,31,38,46,71
84,2021-02-13,3,20,24,47,63,69
85,2021-02-15,8,11,16,47,64,87
86,2021-02-17,10,12,57,75,80,83
87,2021-02-20,11,26,33,63,69,83
88,2021-02-22,23,35,59,64,75,81
89,2021-02-24,9,26,30,43,54,73
90,2021-02-27,2,14,29,30,69,80
91,2021-03-01,5,30,46,60,69,84
92,2021-03-03,2,11,13,34,47,74
93,2021-03-06,8,12,20,31,45,87
94,2021-03-08,22,38,45,47,70,87
95,2021-03-10,4,23,30,49,53,87
96,2021-03-13,11,19,25,32,54,71
97,2021-03-15,23,27,37,56,79,83
98,2021-03-17,7,13,15,69,78,79
99,2021-03-20,6,22,28,50,72,90
100,2021-03-22,9,12,39,64,70,89
101,2021-03-24,3,4,11,22,37,88
102,2021-03-27,3,11,21,28,62,83
103,2021-03-29,5,21,41,51,56,66
104,2021-03-31,1,3,59,83,84,88
105,2021-04-03,8,34,39,65,72,73
106,2021-04-05,19,35,39,62,64,86
107,2021-04-07,13,53,64,69,78,80
108,2021-04-10,5,21,30,43,45,60
109,2021-04-12,18,48,66,72,88,90
110,2021-04-14,2,4,21,37,63,73
111,2021-04-17,27,39,56,73,83,84
112,2021-04-19,12,23,56,79,82,86
113,2021-04-21,13,33,58,74,78,89
114,2021-04-24,6,19,29,51,62,81
115,2021-04-26,3,34,42,52,66,70
116,2021-04-28,1,15,32,50,55,69
117,2021-05-01,14,15,17,54,68,82
118,2021-05-03,3,12,60,65,67,85
119,2021-05-05,1,3,21,58,70,82
120,2021-05-08,1,15,43,62,64,85
121,2021-05-10,7,19,49,55,61,89
122,2021-05-12,13,43,45,70,76,86
123,2021-05-15,17,29,52,74,77,85
124,2021-05-17,21,46,48,62,89,90
125,2021-05-19,10,11,24,53,71,90
126,2021-05-22,1,11,56,59,80,81
127,2021-05-24,7,16,59,69,78,89
128,2021-05-26,47,48,49,52,58,85
129,2021-05-29,7,17,39,44,55,67
130,2021-05-31,6,21,32,58,88,90
131,2021-06-02,16,43,46,48,60,72
132,2021-06-05,2,7,30,32,67,73
133,2021-06-07,24,52,60,62,87,89
134,2021-06-09,15,26,61,66,79,82
135,2021-06-12,5,13,15,37,52,78
136,2021-06-14,13,23,40,41,62,77
137,2021-06-16,10,12,17,40,52,83
138,2021-06-19,21,24,25,48,72,76
139,2021-06-21,8,25,46,52,77,79
140,2021-06-23,28,48,59,61,65,67
141,2021-06-26,7,22,26,31,82,84
142,2021-06-28,7,44,45,57,62,66
143,2021-06-30,40,53,55,67,78,87
144,2021-07-03,14,52,56,76,84,85
145,2021-07-05,29,60,62,63,76,81
146,2021-07-07,11,23,42,47,48,59
147,2021-07-10,8,46,58,66,71,73
148,2021-07-12,2,19,23,51,73,90
149,2021-07-14,12,44,45,52,67,71
150,2021-07-17,1,5,6,43,52,55
151,2021-07-19,2,9,31,61,85,88
152,2021-07-21,8,22,52,60,83,89
153,2021-07-24,13,24,47,73,75,76
154,2021-07-26,1,8,50,68,83,87
155,2021-07-28,18,20,33,40,74,86
156,2021-07-31,8,14,15,16,36,64
157,2021-08-02,6,10,26,65,69,90
158,2021-08-04,23,33,35,51,59,67
159,2021-08-07,6,43,49,83,85,86
160,2021-08-09,22,30,42,44,66,77
161,2021-08-11,8,35,38,57,74,80
162,2021-08-14,2,5,44,64,71,80
163,2021-08-16,29,44,45,67,84,86
164,2021-08-18,36,41,48,59,64,84
165,2021-08-21,14,40,41,44,72,77
166,2021-08-23,12,14,23,31,32,87
167,2021-08-25,22,34,49,54,63,89
168,2021-08-28,16,25,58,66,80,89
169,2021-08-30,30,46,48,68,87,88
170,2021-09-01,5,8,21,27,50,78
171,2021-09-04,3,21,27,32,40,49
172,2021-09-06,16,38,50,56,77,82
173,2021-09-08,23,51,53,58,68,75
174,2021-09-11,3,4,11,18,19,32
175,2021-09-13,9,12,20,25,41,89
176,2021-09-15,6,33,49,65,68,80
177,2021-09-18,9,19,47,48,67,90
178,2021-09-20,1,12,15,16,20,70
179,2021-09-22,11,13,37,42,59,82
180,2021-09-25,4,22,24,27,72,77
181,2021-09-27,29,32,50,61,80,84
182,2021-09-29,11,14,24,47,67,84
183,2021-10-02,15,33,43,63,80,90
184,2021-10-04,1,19,26,41,69,77
185,2021-10-06,2,3,4,36,44,89
186,2021-10-09,16,18,50,52,69,86
187,2021-10-11,17,42,50,76,84,89
188,2021-10-13,5,39,58,60,66,75
189,2021-10-16,17,24,27,47,57,68
190,2021-10-18,23,26,34,44,46,56
191,2021-10-20,5,11,30,40,56,61
192,2021-10-23,26,36,49,74,80,81
193,2021-10-25,7,22,30,37,60,67
194,2021-10-27,2,18,25,36,45,65
195,2021-10-30,36,40,41,54,55,64
196,2021-11-01,34,44,62,69,72,86
197,2021-11-03,16,24,40,57,68,78
198,2021-11-06,23,35,37,52,59,65
199,2021-11-08,16,25,36,54,56,61
200,2021-11-10,8,31,32,55,65,71
201,2021-11-13,31,47,67,74,79,86
202,2021-11-15,13,15,43,51,71,88
203,2021-11-17,53,56,61,65,71,81
204,2021-11-20,13,43,48,53,63,67
205,2021-11-22,7,47,48,62,69,83
206,2021-11-24,32,52,71,73,77,84
207,2021-11-27,17,43,46,61,69,89
208,2021-11-29,27,35,37,42,60,63
209,2021-12-01,5,34,47,61,64,66
210,2021-12-04,15,36,39,45,81,89
211,2021-12-06,35,37,38,56,79,88
212,2021-12-08,5,17,26,44,58,71
213,2021-12-11,18,33,41,59,77,87
214,2021-12-13,1,9,18,41,56,79
215,2021-12-15,2,21,24,45,83,84
216,2021-12-18,2,13,14,33,63,88
217,2021-12-20,7,18,63,67,69,78
218,2021-12-22,6,12,14,48,55,72
219,2021-12-25,10,45,53,66,77,88
220,2021-12-27,6,36,54,55,85,88
221,2021-12-29,34,43,47,57,73,89
222,2022-01-01,9,60,72,77,78,90
223,2022-01-03,25,36,45,57,70,87
224,2022-01-05,7,18,20,37,61,88
225,2022-01-08,18,39,49,60,75,77
226,2022-01-10,36,55,60,64,70,86
227,2022-01-12,1,9,39,59,64,68
228,2022-01-15,6,19,22,23,27,84
229,2022-01-17,4,25,32,44,67,75
230,2022-01-19,17,40,47,50,63,75
231,2022-01-22,15,56,61,64,68,86
232,2022-01-24,6,24,37,56,71,83
233,2022-01-26,30,50,58,71,87,88
234,2022-01-29,3,8,23,61,63,64
235,2022-01-31,17,28,44,59,66,80
236,2022-02-02,31,38,40,42,50,71
237,2022-02-05,6,12,66,75,76,78
238,2022-02-07,1,12,51,57,64,76
239,2022-02-09,9,29,43,60,68,69
240,2022-02-12,23,33,38,62,80,90
241,2022-02-14,23,25,37,43,45,67
242,2022-02-16,28,39,42,68,71,74
243,2022-02-19,5,11,12,18,34,85
244,2022-02-21,3,28,52,87,89,90
245,2022-02-23,10,25,28,56,66,86
246,2022-02-26,18,59,64,74,79,80
247,2022-02-28,14,23,40,41,42,53
248,2022-03-02,25,69,70,76,81,84
249,2022-03-05,18,19,42,47,53,89
250,2022-03-07,9,25,41,52,78,86
251,2022-03-09,15,32,68,69,81,84
252,2022-03-12,25,29,44,61,76,79
253,2022-03-14,19,32,40,42,47,58
254,2022-03-16,31,40,42,45,73,89
255,2022-03-19,9,20,22,23,25,86
256,2022-03-21,15,18,49,56,68,79
257,2022-03-23,6,13,19,31,70,84
258,2022-03-26,8,11,22,41,44,59
259,2022-03-28,5,33,36,51,68,78
260,2022-03-30,1,13,49,56,78,88
261,2022-04-02,15,44,72,75,80,88
262,2022-04-04,3,8,13,22,71,73
263,2022-04-06,5,29,44,59,64,89
264,2022-04-09,3,6,23,53,62,71
265,2022-04-11,26,31,33,46,60,72
266,2022-04-13,6,38,49,62,72,82
267,2022-04-16,16,22,47,78,79,80
268,2022-04-18,25,27,38,68,73,88
269,2022-04-20,4,13,15,75,79,86
270,2022-04-23,1,3,31,70,83,86
271,2022-04-25,2,47,48,61,75,84
272,2022-04-27,29,32,35,47,64,73
273,2022-04-30,9,12,36,39,57,72
274,2022-05-02,12,23,41,45,53,77
275,2022-05-04,26,35,39,43,48,51
276,2022-05-07,7,8,12,35,68,73
277,2022-05-09,7,10,32,53,63,75
278,2022-05-11,11,27,54,57,65,82
279,2022-05-14,1,14,38,56,66,71
280,2022-05-16,26,53,56,57,67,80
281,2022-05-18,14,23,43,57,74,88
282,2022-05-21,21,46,62,73,87,90
283,2022-05-23,9,11,25,26,66,85
284,2022-05-25,4,18,24,34,60,86
285,2022-05-28,9,20,26,35,38,78
286,2022-05-30,7,20,28,34,46,86
287,2022-06-01,20,53,59,66,76,79
288,2022-06-04,23,42,57,71,79,89
289,2022-06-06,9,24,33,37,62,65
290,2022-06-08,26,50,58,69,73,88
291,2022-06-11,4,29,55,64,72,83
292,2022-06-13,2,3,25,57,60,86
293,2022-06-15,7,22,28,57,86,89
294,2022-06-18,10,20,36,49,67,71
295,2022-06-20,14,31,40,53,61,88
296,2022-06-22,16,18,36,37,69,77
297,2022-06-25,9,15,25,46,49,71
298,2022-06-27,25,45,48,55,79,82
299,2022-06-29,1,12,19,22,53,67
300,2022-07-02,12,36,42,71,86,89
301,2022-07-04,20,21,55,81,86,88
302,2022-07-06,46,79,81,82,83,88
303,2022-07-09,15,81,83,87,88,90
304,2022-07-11,8,22,23,40,51,89
305,2022-07-13,3,8,21,46,60,90
306,2022-07-16,10,17,26,29,75,80
307,2022-07-18,9,11,27,51,62,72
308,2022-07-20,8,25,32,41,46,49
309,2022-07-23,9,10,28,40,53,76
310,2022-07-25,8,15,23,34,46,73
311,2022-07-27,3,4,19,84,85,87
312,2022-07-30,16,18,43,53,58,78
313,2022-08-01,4,38,63,80,86,87
314,2022-08-03,5,12,13,14,32,71
315,2022-08-06,11,13,16,28,53,58
316,2022-08-08,13,17,26,29,34,90
317,2022-08-10,9,13,19,28,46,69
318,2022-08-13,24,46,61,69,79,86
319,2022-08-15,3,10,28,45,67,76
320,2022-08-17,11,26,28,64,74,87
321,2022-08-20,34,37,44,66,74,83
322,2022-08-22,10,12,14,31,60,69
323,2022-08-24,3,22,38,77,82,87
324,2022-08-27,5,9,28,29,50,81
325,2022-08-29,13,24,34,47,76,82
326,2022-08-31,25,45,56,72,83,89
327,2022-09-03,33,36,41,43,69,74
328,2022-09-05,9,16,39,49,56,77
329,2022-09-07,8,22,25,37,70,78
330,2022-09-10,13,19,27,32,35,84
331,2022-09-12,12,14,24,27,65,67
332,2022-09-14,18,34,52,64,66,67
333,2022-09-17,55,56,60,66,79,81
334,2022-09-19,15,23,35,39,56,64
335,2022-09-21,1,3,41,43,49,86
336,2022-09-24,2,7,15,20,21,43
337,2022-09-26,40,44,66,82,84,87
338,2022-09-28,47,52,57,69,70,72
339,2022-10-01,22,28,43,44,45,46
340,2022-10-03,21,25,35,65,78,90
341,2022-10-05,1,3,25,30,62,75
342,2022-10-08,14,16,30,52,63,72
343,2022-10-10,14,28,46,56,57,58
344,2022-10-12,4,15,18,46,85,90
345,2022-10-15,13,24,27,45,65,81
346,2022-10-17,6,31,61,68,71,78
347,2022-10-19,23,24,29,33,60,75
348,2022-10-22,2,4,11,36,49,69
349,2022-10-24,13,24,50,59,65,80
350,2022-10-26,29,31,40,67,81,90
351,2022-10-29,1,3,7,17,41,46
352,2022-10-31,1,4,64,67,77,88
353,2022-11-02,6,22,23,40,78,79
354,2022-11-05,28,36,44,71,78,88
355,2022-11-07,37,55,58,64,66,72
356,2022-11-09,14,42,46,71,77,85
357,2022-11-12,28,33,52,61,68,69
358,2022-11-14,2,5,10,12,55,67
359,2022-11-16,37,38,63,66,78,85
360,2022-11-19,9,19,41,55,63,68
361,2022-11-21,8,29,54,65,76,87
362,2022-11-23,2,26,27,31,60,71
363,2022-11-26,2,12,21,58,63,64
364,2022-11-28,13,28,34,67,77,81
365,2022-11-30,8,14,26,30,83,84
366,2022-12-03,4,12,14,52,68,76
367,2022-12-05,38,44,51,60,66,80
368,2022-12-07,4,14,26,39,47,64
369,2022-12-10,1,41,59,63,65,86
370,2022-12-12,6,16,27,32,62,68
371,2022-12-14,13,27,29,34,58,82
372,2022-12-17,7,13,39,41,65,69
373,2022-12-19,32,35,42,74,80,84
374,2022-12-21,51,54,63,67,77,88
375,2022-12-24,9,31,34,75,80,86
376,2022-12-26,4,18,23,33,71,89
377,2022-12-28,11,28,52,71,77,87
378,2022-12-30,16,22,42,64,68,84
379,2023-01-02,2,6,9,25,50,65
380,2023-01-04,5,28,48,60,63,80
381,2023-01-07,21,45,51,58,63,87
382,2023-01-09,4,21,23,33,35,48
383,2023-01-11,1,22,32,50,74,81
384,2023-01-14,8,34,56,77,85,89
385,2023-01-16,2,23,34,41,57,70
386,2023-01-18,10,22,35,44,52,85
387,2023-01-21,39,49,62,81,87,88
388,2023-01-23,4,17,30,65,69,78
389,2023-01-25,26,29,40,63,70,88
390,2023-01-28,7,11,29,44,45,84
391,2023-01-30,7,61,63,75,83,89
392,2023-02-01,12,13,79,87,88,89
393,2023-02-04,25,31,37,38,56,85
394,2023-02-06,12,30,48,52,61,82
395,2023-02-08,5,6,21,44,71,79
396,2023-02-11,6,11,16,46,59,69
397,2023-02-13,4,7,23,37,40,50
398,2023-02-15,11,32,59,60,67,85
399,2023-02-18,20,23,40,60,83,85
400,2023-02-20,5,13,42,45,68,81
401,2023-02-22,21,24,63,72,80,86
402,2023-02-25,1,17,25,55,62,77
403,2023-02-27,6,7,71,74,82,86
404,2023-03-01,5,6,8,24,57,58
405,2023-03-04,48,57,62,74,87,88
406,2023-03-06,5,7,38,57,64,66
407,2023-03-08,28,29,30,37,61,71
408,2023-03-11,23,38,45,66,77,83
409,2023-03-13,5,30,78,81,83,90
410,2023-03-15,11,28,29,58,68,78
411,2023-03-18,11,18,30,60,81,84
412,2023-03-20,11,14,15,25,26,74
413,2023-03-22,3,29,58,68,69,77
414,2023-03-25,6,37,66,72,77,83
415,2023-03-27,23,25,36,38,82,83
416,2023-03-29,21,33,49,50,51,55
417,2023-04-01,10,28,38,70,86,89
418,2023-04-03,2,11,47,61,80,89
419,2023-04-05,25,36,39,47,55,58
420,2023-04-08,5,20,21,31,40,51
421,2023-04-10,1,2,11,33,38,89
422,2023-04-12,38,42,63,65,82,85
423,2023-04-15,9,26,39,43,56,64
424,2023-04-17,5,6,18,25,48,72
425,2023-04-19,35,41,42,46,70,87
426,2023-04-22,7,8,11,20,46,76
427,2023-04-24,12,15,45,62,74,84
428,2023-04-26,8,25,53,62,71,82
429,2023-04-29,8,11,41,58,84,87
430,2023-05-01,34,39,43,49,56,57
431,2023-05-03,7,18,45,47,61,88
432,2023-05-06,21,29,66,67,82,87
433,2023-05-08,9,15,46,47,57,67
434,2023-05-10,17,30,35,62,89,90
435,2023-05-13,25,49,66,80,81,88
436,2023-05-15,10,13,20,31,69,87
437,2023-05-17,14,29,40,46,79,89
438,2023-05-20,3,14,18,51,62,68
439,2023-05-22,18,36,45,48,49,69
440,2023-05-24,11,37,38,40,49,78
441,2023-05-27,20,22,32,46,56,75
442,2023-05-29,8,15,47,63,69,86
443,2023-05-31,1,7,10,30,49,66
444,2023-06-03,24,26,43,54,62,85
445,2023-06-05,15,56,67,69,88,89
446,2023-06-07,1,12,41,49,55,71
447,2023-06-10,2,37,39,45,50,52
448,2023-06-12,1,12,46,58,80,86
449,2023-06-14,4,9,34,38,89,90
450,2023-06-17,7,30,32,33,34,35
451,2023-06-19,9,22,27,50,74,86
452,2023-06-21,10,25,39,47,52,72
453,2023-06-24,18,51,64,66,84,87
454,2023-06-26,51,64,69,70,78,85
455,2023-06-28,14,19,72,73,75,82
456,2023-07-01,3,19,24,41,46,50
457,2023-07-03,7,14,52,71,77,87
458,2023-07-05,4,16,37,38,64,81
459,2023-07-08,10,37,45,67,73,84
460,2023-07-10,27,42,45,53,63,81
461,2023-07-12,21,30,31,40,51,71
462,2023-07-15,14,28,41,45,66,87
463,2023-07-17,5,30,55,62,66,78
464,2023-07-19,25,28,44,60,77,89
465,2023-07-22,12,34,52,56,59,82
466,2023-07-24,4,12,31,38,68,83
467,2023-07-26,10,20,23,30,83,89
468,2023-07-29,33,45,63,66,74,89
469,2023-07-31,1,26,34,56,64,67
470,2023-08-02,4,32,64,71,82,89
471,2023-08-05,18,26,34,43,52,80
472,2023-08-07,21,34,40,51,79,88
473,2023-08-09,20,36,39,69,71,75
474,2023-08-12,39,59,60,63,81,84
475,2023-08-14,5,6,31,66,67,77
476,2023-08-16,45,58,66,79,84,89
477,2023-08-19,37,45,48,55,73,84
478,2023-08-21,17,20,32,33,49,57
479,2023-08-23,9,18,24,42,76,86
480,2023-08-26,15,30,72,76,78,79
481,2023-08-28,1,29,36,48,60,89
482,2023-08-30,6,20,40,46,47,48
483,2023-09-02,29,36,38,43,49,78
484,2023-09-04,3,37,70,80,86,90
485,2023-09-06,12,35,45,60,68,70
486,2023-09-09,1,2,13,16,24,47
487,2023-09-11,3,14,20,40,79,84
488,2023-09-13,11,14,50,54,61,73
489,2023-09-16,14,45,67,73,82,88
490,2023-09-18,39,40,42,45,50,55
491,2023-09-20,26,34,38,43,68,76
492,2023-09-23,1,11,34,40,60,72
493,2023-09-25,15,23,25,76,79,89
494,2023-09-27,32,50,57,69,70,75
495,2023-09-30,22,27,28,62,75,76
496,2023-10-02,3,19,45,58,62,88
497,2023-10-04,5,22,39,61,75,80
498,2023-10-07,20,22,36,65,66,69
499,2023-10-09,19,26,28,38,59,77
500,2023-10-11,10,14,38,43,50,81
501,2023-10-14,4,59,76,83,86,90
502,2023-10-16,2,12,15,31,48,58
503,2023-10-18,49,51,60,61,66,73
504,2023-10-21,13,18,32,37,58,75
505,2023-10-23,35,37,59,60,75,85
506,2023-10-25,11,20,42,47,54,57
507,2023-10-28,1,2,11,20,21,41
508,2023-10-30,6,34,46,66,71,83
509,2023-11-01,2,31,33,65,69,87
510,2023-11-04,8,42,64,76,83,86
511,2023-11-06,22,34,36,46,50,69
512,2023-11-08,6,19,44,45,50,81
513,2023-11-11,24,30,56,60,63,85
514,2023-11-13,43,60,68,71,74,90
515,2023-11-15,31,33,38,56,67,78
516,2023-11-18,3,49,55,76,81,86
517,2023-11-20,24,25,31,68,74,75
518,2023-11-22,2,5,15,23,36,49
519,2023-11-25,25,28,40,50,53,90
520,2023-11-27,32,35,36,47,62,63
521,2023-11-29,13,42,44,52,67,75
522,2023-12-02,43,48,51,69,82,86
523,2023-12-04,5,29,36,39,47,51
524,2023-12-06,14,16,44,59,70,89
525,2023-12-09,9,22,29,53,72,87
526,2023-12-11,27,36,41,47,59,67
527,2023-12-13,1,13,20,78,86,87
528,2023-12-16,4,10,24,41,87,88
529,2023-12-18,33,45,53,80,85,89
530,2023-12-20,1,16,45,50,54,78
531,2023-12-23,18,20,42,50,54,85
532,2023-12-25,43,55,56,60,64,66
533,2023-12-27,17,39,44,60,68,87
534,2023-12-30,40,41,46,62,74,85
535,2024-01-01,20,21,31,45,46,87
536,2024-01-03,3,18,50,54,66,86
537,2024-01-06,45,49,51,60,71,86
538,2024-01-08,4,33,35,62,65,76
539,2024-01-10,14,28,41,45,49,62
540,2024-01-13,27,44,60,67,68,88
541,2024-01-15,7,11,21,22,27,63
542,2024-01-17,13,26,38,55,60,63
543,2024-01-20,10,25,31,45,65,77
544,2024-01-22,9,17,20,33,63,75
545,2024-01-24,3,5,37,50,52,62
546,2024-01-27,22,57,60,62,64,83
547,2024-01-29,16,18,25,26,71,83
548,2024-01-31,9,13,79,83,84,89
549,2024-02-03,33,38,47,57,81,85
550,2024-02-05,15,30,48,53,76,77
551,2024-02-07,23,26,29,41,69,77
552,2024-02-10,3,42,47,64,71,74
553,2024-02-12,36,40,50,53,70,76
554,2024-02-14,1,29,40,45,63,74
555,2024-02-17,15,36,40,63,74,79
556,2024-02-19,7,10,15,31,52,77
557,2024-02-21,10,11,47,57,60,67
558,2024-02-24,37,69,71,74,77,88
559,2024-02-26,1,22,36,58,76,87
560,2024-02-28,9,10,17,23,30,60
561,2024-03-02,8,19,47,54,56,78
562,2024-03-04,35,42,56,58,69,87
563,2024-03-06,9,11,46,48,49,86
564,2024-03-09,2,8,23,50,51,68
565,2024-03-11,27,42,57,65,67,83
566,2024-03-13,5,56,59,62,78,84
567,2024-03-16,28,34,45,60,71,80
568,2024-03-18,3,18,68,84,87,88
569,2024-03-20,7,37,44,51,61,66
570,2024-03-23,15,19,39,60,69,83
571,2024-03-25,9,47,62,68,77,90
572,2024-03-27,3,6,18,31,62,87
573,2024-03-30,14,17,31,55,56,69
574,2024-04-01,6,19,46,49,59,64
575,2024-04-03,8,21,27,45,70,82
576,2024-04-06,20,32,47,62,72,88
577,2024-04-08,27,38,39,42,48,51
578,2024-04-10,28,35,36,37,40,73
579,2024-04-13,8,55,60,64,70,81
580,2024-04-15,4,7,32,42,58,64
581,2024-04-17,16,23,24,41,63,85
582,2024-04-20,8,15,26,32,47,88
583,2024-04-22,3,48,61,71,81,82
584,2024-04-24,37,38,49,69,84,90
585,2024-04-27,28,47,71,77,81,85
586,2024-04-29,10,20,23,47,64,68
587,2024-05-01,8,23,44,77,84,86
588,2024-05-04,3,26,32,61,82,83
589,2024-05-06,5,17,21,52,56,85
590,2024-05-08,2,7,19,50,53,54
591,2024-05-11,13,32,44,55,57,90
592,2024-05-13,25,36,55,61,64,87
593,2024-05-15,21,30,42,43,48,50
594,2024-05-18,30,42,53,65,79,80
595,2024-05-20,6,7,24,51,52,86
596,2024-05-22,13,26,30,34,37,56
597,2024-05-25,19,28,44,62,73,81
598,2024-05-27,18,28,38,41,43,73
599,2024-05-29,23,28,44,58,69,78
600,2024-06-01,6,34,55,65,74,86
601,2024-06-03,6,34,49,61,69,86
602,2024-06-05,12,16,45,55,88,90
603,2024-06-08,6,7,24,33,35,63
604,2024-06-10,3,11,24,33,61,82
605,2024-06-12,2,12,13,51,75,89
606,2024-06-15,18,20,47,63,64,77
607,2024-06-17,23,32,48,51,58,89
608,2024-06-19,12,16,33,62,80,84
609,2024-06-22,19,30,45,57,78,87
610,2024-06-24,18,26,44,63,64,72
611,2024-06-26,18,33,38,48,52,75
612,2024-06-29,8,40,46,47,57,84
613,2024-07-01,13,36,40,44,53,75
614,2024-07-03,10,12,32,60,77,87
615,2024-07-06,26,32,35,43,56,81
616,2024-07-08,6,35,44,53,57,85
617,2024-07-10,15,24,31,40,48,90
618,2024-07-13,6,29,38,69,78,79
619,2024-07-15,2,8,23,48,63,83
620,2024-07-17,42,52,57,60,63,73
621,2024-07-20,7,23,45,58,60,73
622,2024-07-22,1,38,56,60,64,87
623,2024-07-24,1,18,31,46,61,84
624,2024-07-27,14,21,45,56,70,76
625,2024-07-29,3,24,54,72,75,84
626,2024-07-31,28,50,52,61,79,89
627,2024-08-03,10,13,35,42,60,87
628,2024-08-05,15,17,46,51,66,72
629,2024-08-07,19,46,54,56,80,82
630,2024-08-10,2,19,34,35,38,61
631,2024-08-12,16,24,37,73,77,85
632,2024-08-14,1,8,10,37,54,77
633,2024-08-17,3,19,32,66,71,81
634,2024-08-19,3,6,36,45,67,82
635,2024-08-21,6,12,16,29,63,72
636,2024-08-24,10,13,19,39,87,89
637,2024-08-26,35,45,48,50,63,69
638,2024-08-28,3,20,34,45,60,71
639,2024-08-31,23,45,48,51,73,90
640,2024-09-02,15,30,35,45,61,68
641,2024-09-04,57,58,62,66,84,89
642,2024-09-07,8,13,16,30,38,84
643,2024-09-09,4,5,13,15,48,90
644,2024-09-11,14,35,56,60,84,87
645,2024-09-14,9,19,26,41,77,89
646,2024-09-16,1,17,25,35,44,90
647,2024-09-18,17,27,48,50,71,88
648,2024-09-21,23,44,53,58,88,90
649,2024-09-23,3,14,16,54,58,69
650,2024-09-25,5,21,25,35,56,82
651,2024-09-28,49,53,54,63,67,68
652,2024-09-30,30,37,39,65,77,90
653,2024-10-02,22,40,54,55,61,62
654,2024-10-05,4,7,30,34,48,80
655,2024-10-07,27,37,44,46,79,81
656,2024-10-09,49,51,63,67,89,90
657,2024-10-12,2,9,10,20,44,69
658,2024-10-14,8,33,50,59,71,77
659,2024-10-16,4,20,43,52,69,89
660,2024-10-19,8,21,22,27,49,67
661,2024-10-21,20,33,52,54,59,76
662,2024-10-23,14,35,38,53,60,89
663,2024-10-26,8,13,14,41,47,84
664,2024-10-28,8,28,43,57,75,87
665,2024-10-30,3,18,22,26,48,85
666,2024-11-02,33,54,66,78,80,89
667,2024-11-04,9,12,26,38,63,69
668,2024-11-06,4,33,37,43,46,63
669,2024-11-09,15,33,36,74,78,81
670,2024-11-11,4,18,46,47,64,66
671,2024-11-13,5,29,30,64,84,89
672,2024-11-16,28,51,54,56,59,74
673,2024-11-18,2,25,36,58,79,80
674,2024-11-20,5,18,29,33,70,81
675,2024-11-23,15,25,62,65,77,86
676,2024-11-25,11,12,23,24,55,80
677,2024-11-27,27,42,47,69,76,85
678,2024-11-30,15,38,45,47,57,71
679,2024-12-02,3,16,40,44,50,77
680,2024-12-04,16,27,44,49,62,73
681,2024-12-07,10,13,18,31,55,63
682,2024-12-09,10,12,74,80,81,82
683,2024-12-11,28,34,56,70,73,86
684,2024-12-14,7,15,38,46,68,80
685,2024-12-16,3,12,17,56,69,76
686,2024-12-18,1,31,32,49,50,75
687,2024-12-21,20,40,46,69,78,80
688,2024-12-23,5,27,34,58,77,86
689,2024-12-25,1,7,19,43,56,82
690,2024-12-28,9,16,31,51,73,83
691,2024-12-30,1,20,34,43,88,90
692,2025-01-01,1,21,46,61,71,78
693,2025-01-04,2,42,50,57,59,90
694,2025-01-06,5,16,54,58,68,84
695,2025-01-08,8,36,59,60,68,75
696,2025-01-11,5,21,30,32,42,75
697,2025-01-13,14,28,42,54,64,89
698,2025-01-15,47,59,64,68,74,82
699,2025-01-18,1,24,31,32,40,81
700,2025-01-20,13,25,30,33,82,86
701,2025-01-22,2,20,28,44,57,88
702,2025-01-25,1,18,46,54,70,88
703,2025-01-27,1,2,14,34,54,65
704,2025-01-29,17,29,50,71,76,89
705,2025-02-01,4,38,56,61,68,70
706,2025-02-03,11,29,33,51,56,86
707,2025-02-05,37,38,41,64,76,80
708,2025-02-08,6,7,25,48,78,89
709,2025-02-10,13,31,37,64,69,88
710,2025-02-12,2,20,34,46,55,60
711,2025-02-15,1,9,32,48,56,58
712,2025-02-17,10,40,46,47,57,72
713,2025-02-19,26,42,69,70,74,88
714,2025-02-22,1,5,29,36,54,57
715,2025-02-24,1,23,40,43,53,59
716,2025-02-26,10,52,65,73,87,88
717,2025-03-01,38,42,62,66,75,77
718,2025-03-03,2,8,18,27,67,87
719,2025-03-05,30,32,48,65,82,85
720,2025-03-08,7,31,37,65,79,87
721,2025-03-10,2,9,28,43,59,61
722,2025-03-12,37,47,57,62,75,90
723,2025-03-15,15,18,24,29,61,75
724,2025-03-17,7,28,30,59,62,77
725,2025-03-19,13,39,59,70,73,80
726,2025-03-22,11,12,33,47,49,70
727,2025-03-24,8,18,21,41,43,73
728,2025-03-26,5,9,29,30,31,63
729,2025-03-29,27,45,59,67,79,84
730,2025-03-31,3,18,19,23,27,87
731,2025-04-02,19,20,36,48,53,66
732,2025-04-05,8,38,53,75,84,90
733,2025-04-07,1,9,13,20,66,79
734,2025-04-09,12,14,15,66,76,77
735,2025-04-12,11,26,35,48,53,57
736,2025-04-14,38,40,41,45,49,69
737,2025-04-16,11,18,40,43,59,88
738,2025-04-19,31,43,52,53,63,66
739,2025-04-21,13,31,37,42,77,80
740,2025-04-23,33,41,66,74,80,81
741,2025-04-26,1,5,18,33,47,56
742,2025-04-28,15,34,53,63,64,88
743,2025-04-30,1,10,56,66,67,78
744,2025-05-03,5,11,15,30,66,86
745,2025-05-05,8,25,33,42,50,51
746,2025-05-07,10,27,33,49,50,61
747,2025-05-10,6,29,32,60,62,72
748,2025-05-12,24,30,58,79,87,90
749,2025-05-14,5,11,21,29,45,72
750,2025-05-17,22,25,37,40,80,88
751,2025-05-19,6,22,58,84,87,90
752,2025-05-21,16,34,41,63,71,82
753,2025-05-24,38,40,49,55,61,77
754,2025-05-26,26,30,45,70,78,88
755,2025-05-28,35,37,49,60,72,89
756,2025-05-31,7,14,23,53,57,87
757,2025-06-02,16,29,46,61,80,87
758,2025-06-04,4,35,41,46,75,80
759,2025-06-07,8,12,18,22,25,32
760,2025-06-09,40,54,55,60,80,84
761,2025-06-11,31,42,65,76,81,87
762,2025-06-14,28,35,60,76,80,88
763,2025-06-16,7,12,27,53,72,77
764,2025-06-18,37,39,48,54,85,90
765,2025-06-21,3,13,16,25,50,84
766,2025-06-23,4,8,12,24,30,54
767,2025-06-25,7,20,25,28,78,88
768,2025-06-28,15,22,27,38,56,71
769,2025-06-30,24,41,45,58,72,90
770,2025-07-02,5,38,65,68,69,75
771,2025-07-05,11,12,27,71,76,87
772,2025-07-07,8,18,61,71,75,79
773,2025-07-09,4,13,36,48,53,80
774,2025-07-12,8,17,60,73,84,90
775,2025-07-14,12,27,34,37,41,47
776,2025-07-16,9,22,47,49,55,73
777,2025-07-19,5,7,15,22,25,74
778,2025-07-21,12,48,51,71,76,78
779,2025-07-23,4,29,52,58,72,83
780,2025-07-26,26,38,41,45,70,73
781,2025-07-28,7,10,19,30,41,59
782,2025-07-30,12,19,50,58,62,73
783,2025-08-02,4,5,13,22,33,35
784,2025-08-04,12,20,39,48,59,62
785,2025-08-06,22,36,43,46,80,88
786,2025-08-09,6,18,20,38,62,85
787,2025-08-11,19,31,41,52,70,71
788,2025-08-13,4,6,12,30,67,70
789,2025-08-16,20,45,46,50,62,80
790,2025-08-18,24,37,45,55,60,62
791,2025-08-20,5,23,24,29,33,53
792,2025-08-23,4,10,36,45,65,83
793,2025-08-25,2,40,44,50,56,77
794,2025-08-27,5,6,7,44,72,79
795,2025-08-30,34,37,51,62,70,80
796,2025-09-01,5,7,14,23,26,33
797,2025-09-03,27,35,39,57,61,88
798,2025-09-06,7,19,29,30,32,33
799,2025-09-08,2,3,12,36,39,87
800,2025-09-10,5,32,36,58,64,68
801,2025-09-13,3,35,39,40,49,90
802,2025-09-15,7,23,39,41,47,82
803,2025-09-17,5,25,61,73,74,82
804,2025-09-20,14,24,49,60,61,83
805,2025-09-22,39,59,62,68,76,77
806,2025-09-24,18,48,53,61,64,65
807,2025-09-27,6,32,43,49,77,87
808,2025-09-29,14,35,57,70,76,83
809,2025-10-01,4,28,40,54,57,65
810,2025-10-04,8,12,15,23,34,56
811,2025-10-06,23,31,41,48,58,75
812,2025-10-08,4,27,37,41,48,73
813,2025-10-11,6,12,15,16,19,55
814,2025-10-13,24,36,50,63,65,68
815,2025-10-15,2,10,53,73,77,90
816,2025-10-18,10,13,18,39,63,85
817,2025-10-20,1,29,43,53,75,88
818,2025-10-22,1,7,10,15,33,71
819,2025-10-25,16,20,27,46,57,79
820,2025-10-27,4,6,25,45,57,62
821,2025-10-29,2,6,12,18,36,53
822,2025-11-01,33,45,47,50,72,76
823,2025-11-03,7,14,16,20,27,62
824,2025-11-05,14,45,49,68,79,81
825,2025-11-08,4,18,39,87,89,90
826,2025-11-10,2,16,32,75,76,86
827,2025-11-12,1,8,25,38,71,83
828,2025-11-15,33,43,46,66,72,90
829,2025-11-17,17,27,31,32,43,65
830,2025-11-19,5,15,59,61,82,86
831,2025-11-22,18,32,35,72,80,87
832,2025-11-24,24,34,59,60,61,70
833,2025-11-26,14,23,24,27,49,85
834,2025-11-29,7,20,32,41,56,72
835,2025-12-01,16,33,61,63,72,84
836,2025-12-03,2,6,19,47,53,62
837,2025-12-06,14,38,56,73,74,87
838,2025-12-08,8,29,38,73,76,88
839,2025-12-10,30,38,43,54,62,71
840,2025-12-13,7,57,67,70,74,86
841,2025-12-15,2,3,17,48,68,82
842,2025-12-17,3,6,8,28,55,82
843,2025-12-20,5,27,52,64,73,83
844,2025-12-22,19,24,41,44,56,71
845,2025-12-24,13,24,30,40,60,75
846,2025-12-27,9,13,29,41,74,82
847,2025-12-29,36,57,59,67,80,85
848,2025-12-31,13,14,19,25,32,45
849,2026-01-03,30,47,58,68,70,78
850,2026-01-05,4,12,37,50,64,89
851,2026-01-07,13,24,44,79,80,89
852,2026-01-10,3,23,55,59,69,82
853,2026-01-12,6,31,38,51,66,68
854,2026-01-14,2,3,8,41,68,90
855,2026-01-17,10,26,28,57,65,82
856,2026-01-19,2,21,27,62,74,81
857,2026-01-21,6,23,40,50,71,89
858,2026-01-24,6,24,30,40,63,78
859,2026-01-26,14,22,27,40,51,70
860,2026-01-28,6,42,67,74,78,83
861,2026-01-31,16,28,31,41,59,74
862,2026-02-02,21,42,51,53,57,74
863,2026-02-04,8,46,50,52,67,69
864,2026-02-07,8,30,65,67,72,80
865,2026-02-09,45,67,74,77,87,89
866,2026-02-11,34,45,66,73,74,79
867,2026-02-14,15,26,41,50,74,76
868,2026-02-16,1,3,8,33,49,71
869,2026-02-18,13,19,50,55,62,82
870,2026-02-21,31,35,66,68,71,82
871,2026-02-23,6,7,10,11,39,55
872,2026-02-25,4,14,27,33,41,84
873,2026-02-28,2,21,22,44,48,81
874,2026-03-02,18,26,29,58,65,80
875,2026-03-04,44,46,60,67,87,88
876,2026-03-07,12,32,57,67,80,82
877,2026-03-09,7,23,38,55,57,90
878,2026-03-11,24,29,52,57,64,71
879,2026-03-14,24,32,40,43,46,77
880,2026-03-16,23,38,47,61,78,83
881,2026-03-18,10,12,35,53,55,86
882,2026-03-21,6,13,26,47,67,71
883,2026-03-23,20,28,31,45,67,68
884,2026-03-25,14,19,40,41,43,78
885,2026-03-28,4,5,7,17,63,72
886,2026-03-30,4,16,23,63,66,76
887,2026-04-01,9,29,33,56,64,74
888,2026-04-04,19,29,42,59,72,82
889,2026-04-06,40,43,50,55,69,75
890,2026-04-08,5,13,26,42,62,80
891,2026-04-11,2,9,30,45,50,52
892,2026-04-13,3,13,24,48,76,81
893,2026-04-15,4,35,48,56,64,76
894,2026-04-18,3,6,38,48,66,69
895,2026-04-20,28,33,53,78,83,88
896,2026-04-22,12,17,38,48,64,68
897,2026-04-25,10,27,63,64,70,90
898,2026-04-27,11,19,27,34,35,81
899,2026-04-29,38,64,68,78,84,88
900,2026-05-02,3,37,62,64,70,87
901,2026-05-04,7,12,35,47,60,82
